Palhinha,João Maria,Palhinha Gonçalves,78,229391
Iniesta,Andrés,Iniesta Luján,81,41
,Alessandro,Diamanti,75,163925
Toni Villa,Antonio,Villa Suárez,77,229517
,Dayot,Upamecano,79,229558
Mexer,Edson André,Sitoe,75,196801
,Gianluca,Mancini,76,229582
,Marko,Pjaca,75,229593
Sergi Guardiola,Sergio,Guardiola Navarro,77,229624
,Gastón,Pereiro,75,229636
,Simone,Verdi,77,196889
Héldon,Héldon Augusto,Almeida Ramos,76,196899
Mario Hermoso,Mario,Hermoso Canseco,80,229668
,Oğuzhan,Özyakup,75,196934
Jorge,Jorge Marco,de Oliveira Moraes,76,229712
,Mohamed,Elneny,76,213051
,Callum,Wilson,78,196978
,Georgiy,Dzhikiya,77,229773
Thiago Silva,Thiago Emiliano,da Silva,85,164240
Rubén Alcaraz,Rubén,Alcaraz Jiménez,78,229788
,Houssem,Aouar,81,234906
,Alexandru,Mitriță,75,229804
,Joel,Matip,83,197061
,Daniel,Caligiuri,77,197083
,Stefano,Sensi,78,229857
Edu Expósito,Eduardo,Expósito Jaén,76,229862
,Aaron,Wan-Bissaka,83,229880
,Leon,Bailey,80,229906
,Graziano,Pellè,75,164376
,Axel,Disasi,75,229942
,Fabien,Centonze,75,229971
,César,Montes,75,229980
,Ben,Chilwell,81,229984
,Nicolás,Lodeiro,78,197225
,Gary,Cahill,77,164468
,Tom,Davies,75,230005
,Grzegorz,Krychowiak,80,197242
,Faitout,Maouassa,77,230043
,Maxime,Lopez,75,224030
Oyarzabal,Mikel,Oyarzabal Ugarte,84,230142
,Falaye,Sacko,78,230147
,Kodjo Fo-Doh,Laba,75,251353
Anselmo,Anselmo,de Moraes,76,197402
,David,Alaba,84,197445
,Weston,McKennie,75,238744
,Łukasz,Fabiański,81,164835
,Theo,Walcott,76,164859
,Sebastián,Coates,81,197655
,Jorman,Campuzano,75,242267
,Jordan,Ayew,77,197756
,Jakub,Błaszczykowski,75,164994
Isco,Francisco Román,Alarcón Suárez,84,197781
,Gianluigi,Buffon,82,1179
,Dedryck,Boyata,77,197837
,Amadou,Diawara,75,230613
,Serge,Aurier,80,197853
Matheus Reis,Matheus,Reis de Lima,76,230625
,Ştefan,Radu,78,165109
Juanmi,Juan Miguel,Jiménez López,75,197891
Gabriel Jesus,Gabriel,Fernando de Jesus,83,230666
,Karim,Benzema,89,165153
,Florian,Lejeune,77,197948
,Gautier,Larsonneur,77,230727
Pizzi,Luis Miguel,Afonso Fernandes,84,197965
,Laurent,Koscielny,79,165229
Renato Sanches,Renato Júnior,Luz Sanches,78,230767
,Jens,Toornstra,75,198006
,Mattia,Perin,82,198009
Sérgio Oliveira,Sérgio Miguel,Relvas de Oliveira,78,198031
,Dan,Burn,75,198032
,Sofyan,Amrabat,77,224158
,Patrick,Herrmann,78,198077
Unai Simón,Unai,Simón Mendibil,80,230869
,Josuha,Guilavogui,78,198118
,Celso,Ortíz,78,198129
,Rogelio,Funes Mori,78,198140
Bartra,Marc,Bartra Aregall,80,198141
Jonathan Viera,Jonathan,Viera Ramos,81,198164
,Mauro,Zárate,76,153177
,Franck Yannick,Kessié,77,230938
,Stefan,de Vrij,84,198176
,Nahitan,Nández,77,230965
,Benjamin,Stambouli,77,198200
,Lorenzo,Insigne,85,198219
Germán,Germán,Sánchez Barahona,77,198230
,Jesper,Hansen,75,132740
,Bruno,Pittón,75,231070
Rodrigo,Rodrigo,Moreno Machado,82,198329
,Ludovic,Blas,76,231102
,Zelimkhan,Bakaev,75,231113
,Franco,Jara,75,198347
Tomás Pina,Tomás,Pina Isla,76,198368
Dani Rodríguez,Daniel,Rodríguez Vázquez,75,198451
,Kelvin,Amian,75,231235
Cláudio Ramos,Cláudio Pires,de Morais Ramos,77,198513
,Gonzalo,Montiel,78,231340
,Óscar,Murillo,76,198581
,Tammy,Abraham,78,231352
Ayrton,Ayrton Lucas,Dantas de Medeiros,75,231355
,Joris,Gnagnon,76,231361
,Zakaria,Labyad,75,198640
Waldo,Waldo,Rubio Martin,75,231414
,Fredrik,Midtsjø,78,198658
,Ousmane,Dembélé,83,231443
,Donyell,Malen,78,231447
,Manolo,Gabbiadini,75,198683
Luis Alberto,Luis Alberto,Romero Alconchel,85,198706
,James,Rodríguez,82,198710
,Wilfried,Zaha,83,198717
,Nathan,Redmond,78,198719
Adrià Pedrosa,Adrià,Giner Pedrosa,75,246113
,Exequiel,Palacios,77,231521
,Saphir,Taïder,75,198760
,Alex,Oxlade-Chamberlain,79,198784
,Bukayo,Saka,75,246669
Ontiveros,Javier,Ontiveros Parra,75,231640
,Marcus,Rashford,85,231677
,Alban,Lafont,78,231691
Córdoba,Iñigo,Córdoba Kerejeta,77,229764
,Danilo,D'Ambrosio,77,198946
,Kévin,Malcuit,78,198949
Pablo Sarabia,Pablo,Sarabia García,81,198950
,Cédric,Bakambu,80,198951
,Kylian,Mbappé,90,231747
,Darren,Randolph,75,169697
,Mathew,Ryan,80,199005
,Andraž,Šporar,76,231786
,Charles,Aránguiz,83,199042
,Yann,Karamoh,75,231826
,Samuel,Chukwueze,77,246172
Rodri,Rodrigo,Hernández Cascante,85,231866
,Luis,Muriel,79,199110
,Mathías,Olivera,77,240716
,Yusuf,Yazıcı,76,231887
,Marcos,Acuña,83,224334
Sergio Álvarez,Sergio,Álvarez Díaz,75,199158
,Ben,White,75,231936
Richarlison,Richarlison,de Andrade,81,231943
,Ross,Barkley,78,199189
,Ruslan,Malinovskyi,79,231969
,Domagoj,Vida,78,199206
João Pedro,João Pedro,G. Santos Galvão,79,199254
,Steven,Bergwijn,83,225953
Danilo,Danilo Luiz,da Silva,79,199304
,Marko,Grujić,75,232099
,Daniel,James,77,232104
Lucas Pérez,Lucas,Pérez Martínez,79,199354
,Felix,Uduokhai,75,232144
,Munas,Dabbur,79,208498
,Tomáš,Souček,81,236792
,Nicolas,Pallois,78,199393
Ibai Gómez,Ibai,Gómez Pérez,79,199416
,Dušan,Tadić,83,199434
,Wissam,Ben Yedder,84,199451
,Konstantinos,Tsimikas,76,232223
,Denys,Boyko,75,232226
,Justin,Bijlow,76,232229
,Santiago,Ascacíbar,76,232244
,Anthony,Lopes,83,199482
,Yeimar,Gómez Andrade,76,224396
,Granit,Xhaka,80,199503
,Victor,Osimhen,79,232293
,Marco,Verratti,86,199556
Nolito,Manuel,Agudo Durán,76,199561
Sergi Roberto,Sergio,Roberto Carnicer,83,199564
Jordi Masip,Jordi,Masip López,81,199575
Oriol Romeu,Oriol,Romeu Vidal,75,199576
Sergi Gómez,Sergi,Gómez Solà,77,199577
,Milan,Škriniar,85,232363
Wesley,Wesley Moraes,Ferreira da Silva,76,232381
André André,André Filipe,Brás André,75,199626
,Matthew,Lowton,75,199633
,Matz,Sels,79,199641
,Christopher,Nkunku,80,232411
,Dennis,Praet,76,199652
,Armando,Izzo,79,216145
,Luka,Jović,80,232432
,Ramiro,Funes Mori,75,199667
,Marius,Wolf,76,224425
Vitolo,Víctor,Machín Pérez,79,199715
,Wataru,Endo,75,232487
Wilson Eduardo,Wilson Bruno,Naval Costa Eduardo,76,199737
,Erik,Sviatchenko,76,199745
,Marco,van Ginkel,75,199767
Campaña,José,Gómez Campaña,80,199823
,Pablo,Hernández,75,199827
,Lars,Unnerstall,77,199833
,Francesco,Acerbi,83,199845
,Theo,Hernández,80,232656
,Jesse,Joronen,75,199904
Allan,Allan,Marques Loureiro,83,199914
,Lewis,Dunk,78,199915
Rômulo,Rômulo,Borges Monteiro,76,199935
,Daichi,Kamada,76,232730
Arbilla,Anaitz,Arbilla Zabala,75,199986
,Jasper,Cillessen,81,199987
,Fikayo,Tomori,76,232756
,Youssef,En-Nesyri,78,235410
Pedro Obiang,Pedro Mba,Obiang Avomo,76,200054
,Anders,Christiansen,75,199792
,Shoya,Nakajima,77,232862
,Heung Min,Son,87,200104
,Marco,Bizot,79,200110
,Junya,Ito,75,232905
Casemiro,Carlos Henrique,Venancio Casimiro,89,200145
,Hans,Vanaken,78,200155
,Stefan,Ortega,75,200159
Falcao,Radamel Falcao,García Zarate,80,167397
,Sebastian,Rode,77,200215
,Adam,Maher,75,200223
,Tyler,Adams,76,232999
,Steven,Berghuis,81,200260
,Jadon,Sancho,87,233049
,Mason,Mount,80,233064
Cristian Tello,Cristian,Tello Herrera,78,200315
,Timo,Horn,77,200316
,Mark,Uth,76,200318
,Denzel,Dumfries,79,233096
,Rune Almenning,Jarstein,77,104389
,Adama,Soumaoro,76,200353
,Scott,Brown,75,134820
,Jan,Oblak,91,200389
,Stéphane,Ruffier,81,167628
,Xaver,Schlager,76,233195
,Gonzalo,Higuaín,83,167664
,Nicolás,Domingo,75,167665
Paco Alcácer,Francisco,Alcácer García,81,200454
,Lucas,Digne,84,200458
,Rémi,Oudin,75,233265
Pulido,Jorge,Pulido Mayoral,75,200519
,Nacer,Chadli,78,200529
,Nico,Schulz,80,200536
,Dean,Henderson,80,233306
,Alex,Iwobi,77,213655
,Kevin,Volland,81,200610
,James,Forrest,76,200630
,Yevhen,Konoplyanka,75,200641
,Josip,Iličić,84,200647
Pedro Mendes,Pedro Filipe,Teodósio Mendes,77,200677
,Hugo,Lloris,87,167948
Nacho Fernández,José Ignacio,Fernández Iglesias,80,200724
,Jorge,Sánchez,75,233493
,Benjamin,Lecomte,80,200726
,Luis,Sinisterra,75,233500
,Suat,Serdar,78,230065
,John,Lundstram,76,200746
,Jonny,Evans,80,169588
,Riccardo,Orsolini,75,233556
,Mauro,Quiroga,75,200826
,George,Baldock,77,200855
,Amath,Ndiaye,76,233631
Danilo Pereira,Danilo Luís,Hélio Pereira,82,200888
Lucas Moura,Lucas,Rodrigues M. Silva,83,200949
,Alexander,Isak,79,233731
Zubeldia,Igor,Zubeldia Elorza,79,233738
,Kalidou,Koulibaly,88,201024
,Djibril,Sidibé,78,201042
Fernandinho,Fernando Luiz,Rosa,84,135507
Pedrinho,Pedro Victor,Delmino da Silva,75,255472
,Riccardo,Saponara,75,201046
,Nicolas,De Préville,75,201073
,Agustín,Marchesín,82,201095
,Odsonne,Edouard,75,233866
Cédric,Cédric Ricardo,Alves Soares,76,201118
Ismaily,Ismaily,Gonçalves dos S.,81,201119
,Aïssa,Mandi,79,201143
,Milan,Badelj,76,201144
Morata,Álvaro Borja,Morata Martín,82,201153
Lucas Paquetá,Lucas Tolentino,Coelho de Lima,76,233927
,Aaron,Ramsdale,75,233934
,Sebastián,Villa,75,233959
,Salvatore,Sirigu,84,168435
,Vladimír,Darida,77,201262
Odriozola,Álvaro,Odriozola Arzalluz,79,234035
,Frederik,Rønnow,76,201269
,Yangel,Herrera,75,234060
Jardel,Jardel,Nivaldo Vieira,75,168530
,Marcus,Edwards,77,235619
,Rasmus,Falk,76,201303
Gabriel Paulista,Gabriel,Armando de Abreu,82,201305
David Silva,David Josué,Jiménez Silva,86,168542
Pablo,Pablo,Nascimento Castro,78,201315
,Luis,Díaz,78,241084
,Ciprian,Tătărușanu,78,201325
,Hugo,Rodallega,75,168565
,Ionuț Andrei,Radu,75,234102
Luiz Araújo,Luiz,Araújo,76,234128
,Jeison,Murillo,77,201377
Carlos Soler,Carlos,Soler Barragán,79,234153
,Cristiano,Biraghi,75,201389
,Mauro,Icardi,85,201399
Rafinha,Rafael,Alcântara,79,201400
,Matt,Doherty,81,201417
,Ivan,Rakitić,82,168651
,Faouzi,Ghoulam,79,201454
,Geoffrey,Kondogbia,79,201455
Bruno Viana,Bruno Viana,Willemen Da Silva,77,234226
,Patrik,Schick,78,234236
David López,David,López Silva,76,201505
,Gastón,Ramírez,77,201508
,Layvin,Kurzawa,77,201510
,Jordan,Veretout,79,201519
,Raphaël,Varane,86,201535
Bruno Guimarães,Bruno,Guimarães Moura,78,247851
,Maximiliano,Gómez,80,239207
,Declan,Rice,79,234378
,Alphonso,Davies,81,234396
Gedson Fernandes,Gedson,Carvalho Fernandes,75,234568
Florentino,Florentino,Morris Luís,76,234569
Aurélio Buta,Aurélio Gabriel,Ulineia Buta,76,234573
Diogo Dalot,José Diogo,Dalot Teixeira,76,234574
,Jonathan,Ikoné,79,234612
,Nicola,Sansone,76,201858
,Ermin,Bičakčić,76,201860
,Marcos,Rojo,75,201862
,Édouard,Mendy,79,234642
,Andrea,Masiello,75,169115
,Robbie,Brady,75,201884
,Joakim,Mæhle,76,234678
,Martin,Hinteregger,80,201922
Gabriel,Gabriel,Vasconcelos F.,76,201931
,Cristiano,Piccini,76,201939
Roberto Firmino,Roberto Firmino,Barbosa de Oliveira,87,201942
,Andreas,Cornelius,75,201943
,Kenneth,Vermeer,76,169181
,Juan,Sánchez Miño,75,201953
,Salif,Sané,79,201956
,Valentin,Rosier,75,234730
Renato Augusto,Renato,Augusto,83,169195
,Harvey,Barnes,79,234742
,Alfred,Gomis,76,201976
,Federico,Fernández,77,201988
Felipe Anderson,Felipe Anderson,Pereira Gomes,81,201995
,Zack,Steffen,76,234777
,Remo,Freuler,78,202024
,Conor,Coady,79,202048
Toni Martínez,Antonio,Martínez López,75,234826
,Florian,Müller,76,234833
Domingos Duarte,Domingos Sousa,Menezes Duarte,78,234835
,Darlington,Nagbe,75,202078
,Andreas,Ulmer,75,169324
,Harry,Kane,88,202126
,Christian,Fassnacht,75,234913
,Julian,Draxler,80,202166
,Jeffrey,Gouweleeuw,76,202201
,Lucas,Robertone,75,235008
,Dimitri,Liénard,75,235042
,Stuart,Armstrong,76,202282
,Diego,Demme,78,202325
,Abdoulay,Diaby,75,202330
,Eric,Dier,78,202335
,Eberechi,Eze,75,235794
,Jean-Pierre,Nsame,78,240240
,Danny,Rose,79,169595
,Pablo,Rosario,75,235134
,Thomas,Meunier,81,202371
,Obafemi,Martins,75,137494
,Danny,da Costa,78,202429
,Achraf,Hakimi,83,235212
Rodrigo Ely,Rodrigo,Ely,75,202445
,Ryan,Bertrand,78,169705
,Jack,Cork,77,169706
,Matthijs,de Ligt,85,235243
Deulofeu,Gerard,Deulofeu Lázaro,80,202477
Aleix Vidal,Aleix,Vidal Parreu,77,202493
,Memphis,Depay,85,202556
,Jay,Rodriguez,76,169792
,Jérôme,Roussillon,80,202562
,Ismaïla,Sarr,78,235353
,Manuel,Lazzari,81,235374
,Carlos,Rodríguez,75,235389
Fernando,Fernando Lucas,Martins,79,202642
Sergi Darder,Sergi,Darder Moll,77,202648
Suso,Jesús Joaquín,Fernández Sáez,81,202651
,Raheem,Sterling,88,202652
,Diadie,Samassékou,76,235424
,Simone,Zaza,77,202685
,James,Tarkowski,80,202695
,Jack,Stephens,75,202697
,Marcelino,Moreno,75,235467
,Kevin,Lasagna,75,224933
,Willy,Boly,80,202750
,Alexander,Schwolow,79,202789
,Emiliano,Martínez,78,202811
,Javairô,Dilrosun,75,224949
,Jannik,Vestergaard,77,202849
,Gregoire,Defrel,76,202851
,Wayne,Hennessey,75,170084
,Karim,Bellarabi,82,202857
,Fabián,Castillo,75,202858
,Leonardo,Spinazzola,78,202884
Álvaro,Álvaro,González Soberón,79,202935
,Jonathan,dos Santos,77,170370
,Kai,Havertz,85,235790
,Robin,Knoche,76,203030
,Federico,Chiesa,78,235805
,Diego,Chará,75,203067
,Edson,Álvarez,76,235844
,Christian,Kouamé,75,235866
,Leonardo,Bittencourt,77,203106
Carlos Neva,Carlos,Neva Tey,76,246844
,Ryan,Sessegnon,75,235883
,Cengiz,Ünder,78,235889
,Deyovaisio,Zeefuik,75,235899
,Erik,Lamela,80,170368
,Matías,Zaracho,76,235926
Brais Méndez,Brais,Méndez Portela,75,235944
,Dimitri,Foulquier,75,203177
,Nicolas,Moumi Ngamaleu,75,235996
Marc Roca,Marc,Roca Junqué,77,235945
,Harry,Maguire,82,203263
,André,Carrillo,79,203299
,Andrew,Robertson,87,216267
,Mohamed,Elyounoussi,76,203362
,Tim,Krul,75,170597
,Virgil,van Dijk,90,203376
,Darko,Brašanac,76,236221
,Alberth,Elis,75,236245
,Davy,Klaassen,77,203483
,Thorgan,Hazard,83,203486
,Jamaal,Lascelles,77,203487
Gervinho,Gervais,Yao Kouassi,78,170733
,Arnaut,Danjuma Groeneveld,75,236276
,Luis,Mejía,76,202089
Aarón,Aarón,Martín Caricol,75,236295
,Marko,Rog,75,236311
,Alessandro,Florenzi,81,203551
Fran Beltrán,Francisco José,Beltrán Peinado,75,235997
,John,Stones,80,203574
Luiz Felipe,Luiz Felipe,Ramos Marchi,77,236355
,Pavel,Kadeřábek,80,203605
,Jonathan,Bamba,78,225085
,Blaise,Matuidi,83,170890
,Fabricio,Bustos,76,236441
,Jean-Philippe,Mateta,76,236461
,Yves,Bissouma,75,236480
,Mattéo,Guendouzi,77,236496
Douglas Luiz,Douglas Luiz,Soares de Paulo,75,236499
,Marcos,Senesi,77,236506
Héctor Bellerín,Héctor,Bellerín Moruno,80,203747
Zé Luís,José Luís,Mendes Andrade,77,203757
,Robin,Koch,76,236532
,Gerardo,Arteaga,75,236537
,Loris,Karius,78,203775
,Owen,Wijndal,77,236572
,Calvin,Stengs,78,236593
,Nick,Pope,82,203841
,Damián,Suárez,80,203843
,Gabriel,Hauche,75,203872
,Šime,Vrsaljko,80,203890
Pozuelo,Alejandro,Pozuelo Melero,79,203895
,Lucas,Andersen,76,203903
Melendo,Óscar,Melendo Jiménez,78,236679
,Michael,Ngadeu,76,236690
,James,Milner,80,138412
,Konstantinos,Fortounis,77,203980
,Dominik,Szoboszlai,75,236772
,Ivan,Perišić,82,181458
,Martin,Terrier,76,236786
,Antonín,Barák,75,236791
,Christoph,Kramer,78,204024
,Habib,Maïga,75,236817
,M'Baye,Niang,78,204077
,Gianluigi,Donnarumma,85,230621
,John,Brooks,76,204082
Óliver Torres,Óliver,Torres Muñoz,77,208777
,Kenny,Lala,79,204105
,Tomáš,Vaclík,82,204120
,Jan,Bořil,78,204125
,Jordan,Torunarigha,75,236947
,Baptiste,Reynet,75,204240
,Mauro,Arambarri,80,232665
,Santiago,Arias,81,204259
Roque Mesa,Roque,Mesa Quevedo,78,204277
Arthur,Arthur Henrique,Ramos Oliveira Melo,84,230658
,Hendrik,Van Crombrugge,77,204308
,Kurt,Zouma,80,204311
Luís Neto,Luís Carlos,Novo Neto,75,204341
Raúl García,Raúl,García Escudero,80,171579
,Paul,Dummett,75,204355
,Jürgen,Locadia,75,204366
,Santiago,García,76,204385
,Eran,Zahavi,81,204399
,Matías,Rojas,78,237183
,Samuel,Kalu,76,237207
,Juan,Foyth,75,237221
,Scott,McTominay,79,237238
,Enis,Bardhi,79,237239
,Bouna,Sarr,77,204472
,Riyad,Mahrez,85,204485
Iñigo Martínez,Iñigo,Martínez Berridi,80,204525
,Michy,Batshuayi,78,204529
,Raúl,Ruidíaz,76,204538
José Fonte,José Miguel,da Rocha Fonte,78,171791
,Ignacio,Scocco,75,171828
,Willy,Caballero,75,139062
Nani,Luís Carlos,Almeida da Cunha,80,139068
Mário Rui,Mário Rui,Silva Duarte,79,204614
,Alessandro,Bastoni,75,237383
,Willi,Orban,79,204638
,Stefan,Savić,81,204639
,Caner,Erkin,76,171875
,Marek,Hamšík,81,171877
,Roberto,Alvarado,76,237043
,Andrés,Guardado,78,171897
,Mauricio,Pereyra,76,204691
,Duje,Ćaleta-Car,78,225263
,Renato,Ibarra,76,204738
,James,McArthur,75,171972
,Gonzalo,Bergessio,75,171975
,Mady,Camara,75,237520
Toño García,Antonio,García Aranda,76,204757
,Charlie,Taylor,77,204760
,Christian,Luyindama,76,237556
,Moussa,Djenepo,75,237560
,Raúl,Jiménez,84,204838
,Dominik,Livaković,80,241671
Clerc,Carlos,Clerc Martínez,76,204876
,Daniel,Muñoz,75,237646
,Diego,Valeri,79,172114
,Brice,Samba,75,204883
,Benjamin,Mendy,81,204884
,Ibrahima,Konaté,78,237678
,Lasse,Schøne,75,172143
,Takefusa,Kubo,75,237681
,Marcel,Sabitzer,83,204923
,Phil,Foden,79,237692
,Jordan,Pickford,81,204935
,John,Egan,78,204936
Luo Guofu,Guofu,Luo,75,204943
,Patrick,Cutrone,75,237715
Carvajal,Daniel,Carvajal Ramos,86,204963
,Florian,Thauvin,82,204970
,Fraser,Forster,76,172203
,Nicolás,Domínguez,75,237819
Manu García,Manuel,García Sánchez,75,172287
Juan Bernat,Juan,Bernat Velasco,83,205069
Portu,Cristian,Portugues Manzanera,83,205070
,Zlatan,Ibrahimović,83,41236
,Fayçal,Fajr,75,205083
Coke,Jorge,Andújar Moreno,75,172316
,Takashi,Inui,78,205114
,Pervis,Estupiñán,79,237942
,Arkadiusz,Milik,81,205175
Denis Suárez,Denis,Suárez Fernández,78,205192
,Okay,Yokuşlu,77,205201
,Pierre,Lees-Melou,78,230020
,Tyrell,Malacia,75,238041
,Chidera,Ejuke,75,238050
,Daniel,Wass,80,172522
,Nicolò,Zaniolo,76,238067
,Reece,James,77,238074
,Nikola,Milenković,75,238095
,Ryan,Fredericks,76,205346
,Carlos,Vela,83,169416
,Matija,Nastasić,77,205362
,Filip,Novák,78,205364
,Soualiho,Meïté,76,205391
,Merih,Demiral,76,238160
,Jérémy,Morel,75,139860
,Jean-Paul,Boëtius,76,205402
,Daniele,Baselli,77,205407
,Niclas,Füllkrug,76,205431
,Antonio,Rüdiger,81,205452
,Krépin,Diatta,77,238227
,Asmir,Begović,75,172723
Jorginho,Luiz Frello,Filho Jorge,83,205498
Bernard,Bernard Anício,Caldeira Duarte,78,205525
Nacho Vidal,Ignacio,Vidal Miralles,76,238305
Alberto Moreno,Alberto,Moreno Pérez,77,205566
,James,Ward-Prowse,79,205569
Wendel,Marcus Wendel,Valle da Silva,79,238359
,Samuel,Umtiti,83,205600
,Arjen,Robben,80,9014
,Lucas,Ocampos,82,205632
,Lucas,Castro,75,205633
,Jan,Vertonghen,83,172871
Sokratis,Sokratis,Papastathopoulos,79,172879
,Alessio,Cragno,81,205659
,Edin,Višća,83,205678
,Téji,Savanier,78,205686
,Sébastien,Haller,81,205693
,Dan-Axel,Zagadou,79,238476
,Victor,Moses,78,172962
,Guillermo,Ochoa,79,140233
,Antonio,Mirante,78,140293
,Esteban,Andrada,81,205849
,Leonardo,Pavoletti,75,205850
,Marko,Livaja,76,205855
,Jonathan,David,77,243630
,Silviu,Lung,75,205942
,Stefan,Ristovski,77,205965
,Amin,Younes,75,205966
,Jed,Wallace,75,205970
,Domenico,Criscito,78,173208
,Luke,Shaw,81,205988
,Antonio,Candreva,78,173221
,Noussair,Mazraoui,77,236401
,Jetro,Willems,77,205995
,Yvon,Mvogo,76,206003
Vinícius Jr.,Vinícius José,de Oliveira Júnior,80,238794
,Mattia,De Sciglio,78,206058
,Cristian,Ansaldi,78,173306
,Sam,Johnstone,75,206075
Bruno Tabata,Bruno Vinícius,Souza Ramos,75,238858
,Serge,Gnabry,85,206113
,Isaac,Hayden,77,206115
,Sergio,Romero,80,173373
,Luciano,Aued,75,206152
,Brian,Lozano,76,230967
,Simon,Mignolet,81,173426
,Dominique,Heintz,75,206198
,Miguel,Almirón,78,230977
,Denis,Cheryshev,77,206225
,Zlatko,Junuzović,76,173474
,Emmanuel,Dennis,76,239015
Ferrán Torres,Ferrán,Torres García,81,241461
,Emre,Kılınç,75,239045
,Federico,Valverde,83,239053
Marcano,Iván,Marcano Sierra,81,173521
,Luka,Milivojević,79,206304
,James,Tomkins,76,173546
Joselu,José Luis,Sanmartín Mato,76,173608
,Taras,Stepanenko,79,206413
,Alexis,Claude-Maurice,75,236477
,Alassane,Plea,80,206467
,Yunis,Abdelhamid,77,206493
,Gareth,Bale,83,173731
,Vasilios,Barkas,75,239272
,Maximilian,Arnold,79,206511
,Will,Hughes,76,206516
,Jack,Grealish,80,206517
,Lisandro,Martínez,78,239301
,Łukasz,Piszczek,80,173771
Manu Trigueros,Manuel,Trigueros Muñoz,78,206545
Óscar,Óscar,Rodríguez Arnaiz,75,239335
,Hervé,Koffi,75,239342
Kepa,Kepa,Arrizabalaga,82,206585
Adrián López,Adrián,López Álvarez,75,173818
Moi Gómez,Moisés,Gómez Bordonado,77,206590
,Mitchell,Weiser,76,206591
,Solly,March,75,206594
Roberto Torres,Roberto,Torres Morales,77,206651
Sergio Rico,Sergio,Rico González,77,206652
Pablo Marí,Pablo,Marí Villar,75,206654
,Eduardo,Vargas,75,206655
,Nemanja,Maksimović,79,239433
,Kevin-Prince,Boateng,78,173909
Galeno,Wenderson,Nascimento Galeno,77,239482
,José Juan,Macías,75,239592
,Marin,Pongračić,76,238370
,Boubakary,Soumaré,76,239817
Rúben Dias,Rúben Santos,Gato Alves Dias,81,239818
,Alexis,Mac Allister,75,239837
,Jiří,Pavlenka,82,236583
Pablo Santos,Pablo,Renan dos Santos,75,239872
,Ozan,Kabak,77,239890
,Florian,Neuhaus,79,234943
,Gonzalo,Castro,75,174379
,Myron,Boadu,75,239956
Jony,Jonathan,Rodríguez Menéndez,78,222943
,Ellyes,Skhiri,77,225126
João Victor,João Victor,Santos Sá,75,240046
,Claudio,Bravo,77,174543
Éder Militão,Éder,Gabriel Militão,80,240130
David Neres,David,Neres Campos,80,236632
,Mateo,Kovačić,83,207410
Xeka,Miguel Ângelo,da Silva Rocha,75,236639
,Leandro,Trossard,78,207421
,Kunde,Malong,76,240190
,Leandro,Paredes,79,207439
,Luciano,Vietto,78,207441
,Franco,Vázquez,77,207471
Matheus Cunha,Matheus Santos,Carneiro Da Cunha,78,240243
,Jesse,Lingard,77,207494
Calero,Fernando,Calero Villa,75,240289
,Jordan,Lukaku,76,207537
,Robin,Olsen,78,207557
,Sebastian,Andersson,76,207562
William Carvalho,William,Silva de Carvalho,80,207566
,Michael,Keane,78,207599
,Adam,Webster,75,207616
,Carlos,Bacca,77,207664
,Fernando,Gorriarán,75,240471
Marçal,Fernando,Marçal de Oliveira,76,207707
Roger,Roger,Martí Salvador,77,207732
Filipe Augusto,Filipe Augusto,Carvalho Souza,75,207733
,Kaan,Ayhan,75,207790
,Yussuf,Poulsen,78,207791
,Matthias,Ginter,82,207862
Felipe,Felipe Augusto,de Almeida Monteiro,84,207863
Marquinhos,Marcos,Aoás Corrêa,85,207865
,Josef,Martínez,81,207877
,Tobias,Strobl,76,207894
,Teun,Koopmeiners,78,240679
,Nicolás,González,75,240690
Lucas Lima,Lucas Pedro,Alves de Lima,75,207924
,Nicolás,De la Cruz,77,240699
,Roman,Yaremchuk,75,240702
,Matías,Dituro,75,207935
,Guido,Pizarro,77,207939
,Bertrand,Traoré,76,207948
,Youcef,Atal,79,240754
,Sead,Kolašinac,78,207993
,Joël,Veltman,77,208004
,Felipe,Caicedo,78,175254
,Trent,Alexander-Arnold,87,231281
Gerard Moreno,Gerard,Moreno Balagueró,83,208093
Matheus,Matheus,Lima Magalhães,79,208104
,Hakan,Çalhanoğlu,79,208128
Unai Núñez,Unai,Núñez Gestoso,78,240900
,Abdoulaye,Doucouré,78,208135
Gabriel,Gabriel,Appelt Pires,79,208141
Pedro León,Pedro León,Sánchez Gil,79,175379
,Berat,Djimsiti,76,208165
Pedro Gonçalves,Pedro António,Pereira Gonçalves,76,240950
,Marcelo,Saracchi,75,240976
,Presnel,Kimpembe,81,225850
,Petros,Mantalos,75,208224
,Andreas,Samaris,77,208230
,Lisandro,López,78,142707
,Bryan,Cristante,78,208268
,Moussa,Niakhaté,75,225859
,Javier,Mascherano,79,142754
,Romain,Saïss,78,208295
,Nikola,Vlašić,80,241095
,Sandro,Tonali,77,241096
,Adnan,Januzaj,80,208330
,Emre,Can,82,208333
,Jonas,Hector,77,208334
,Jean-Philippe,Gbamin,78,214947
Clinton Mata,Clinton Mukoni,Mata Pedro Lourenço,77,208364
,Marius,Müller,75,208375
Junior Firpo,Héctor Junior,Firpo Adamés,79,241184
,Yannick,Carrasco,82,208418
Saúl,Saúl,Ñíguez Esclápez,84,208421
,Patson,Daka,76,241202
,Andriy,Pyatov,76,142902
,Emil,Forsberg,79,208448
,Christophe,Hérelle,75,208449
Andreas Pereira,Andreas Hugo,Hoelgebaum Pereira,75,208450
,Robin,Quaison,76,208451
,Marten,de Roon,81,208461
,Thomas,Foket,77,208509
,Hiroki,Sakai,78,208520
,Carlos,Tévez,78,143001
,Filip,Kostić,83,208574
,Andrea,Belotti,80,208596
,Alejandro,Gómez,86,143076
,Christopher,Jullien,75,208615
Lucas Vázquez,Lucas,Vázquez Iglesias,80,208618
Omar Mascarell,Omar,Mascarell González,79,208620
Óscar Plano,Óscar,Plano Pedreño,76,208621
Rubén Sobrino,Rubén,Sobrino Pozuelo,75,208622
,José,Sosa,78,143121
,Vadis,Odjidja-Ofoe,76,175895
,Hakim,Ziyech,85,208670
Diogo Gonçalves,Diogo António,Cupido Gonçalves,75,231390
Pau Torres,Pau,Francisco Torres,78,241464
,Dries,Mertens,85,175943
,Jules,Koundé,79,241486
,Sadio,Mané,90,208722
,Colin,Dagba,75,241497
,Sven,Kums,75,176009
,Adrien,Thomasson,77,208787
,Quincy,Promes,82,208808
,Jamie,Vardy,86,208830
,Dodi,Lukébakio,77,231416
,Jonas,Svensson,78,198657
,Nathan,Aké,79,208920
,Predrag,Rajković,79,241727
Moyá,Miguel Ángel,Moyá Rumbo,78,110677
,Anthony,Nwakaeme,78,241771
,Mehdi,Taremi,77,241788
Joaquín,Joaquín,Sánchez Rodríguez,80,45186
Lucas Leiva,Lucas,Pezzini Leiva,84,176266
,Winston,Reid,75,176285
Martín,Martín,Aguirregabiria,75,241827
,Moussa,Diaby,81,241852
,Benjamin,Verbič,78,225997
,Diego,Rossi,75,241907
,Ignacio,Piatti,78,176376
,Lautaro,Martínez,84,231478
,Gökhan,Gönül,76,143699
Matheus,Matheus,Leite Nascimento,77,176495
,Florent,Mollet,78,209288
Fred,Frederico,de Paula Santos,81,209297
,David,Ospina,79,176550
,Mohamed,Salah,90,209331
,André,Ayew,76,176571
,Luis,Suárez,87,176580
,Sebastián,Córdova,75,242118
,Jesús,Gallardo,76,226045
,Mesut,Özil,82,176635
,Christoph,Baumgartner,75,242187
Luis Milla,Luis,Milla Manzanares,76,242201
Marcelo,Marcelo,Vieira da Silva,83,176676
Ferro,Francisco,Reis Ferreira,77,242236
Fabinho,Fábio,Henrique Tavares,87,209499
,Boubacar,Kamara,79,236987
,Gaëtan,Laborde,76,209519
,Derlis,González,76,209523
,Alexandre,Oukidja,76,176772
,Ola,Toivonen,75,176794
Loren,Lorenzo,Morón García,78,242348
,Marcelo,Díaz,79,176930
,Abdul Rahman,Baba,75,209620
,Leon,Goretzka,84,209658
,Dimitrios,Siovas,75,209669
João Félix,João,Félix Sequeira,81,242444
,Augusto,Fernández,75,176915
,Nahuel,Guzmán,79,176919
,Serkan,Kırıntılı,75,144172
,Marouane,Fellaini,75,176944
,Eugenio,Mena,76,209744
,Régis,Gurtner,77,176994
,Luka,Modrić,87,177003
,Pierrick,Capelle,75,209781
,Fabian,Lustenberger,75,177019
,Christian,Günter,78,209846
,Raphaël,Guerreiro,84,209889
Pacheco,Fernando,Pacheco Flores,82,209960
,Yassine,Bounou,76,209981
,Thomas,Partey,84,209989
,Adrien,Rabiot,81,210008
Grimaldo,Alejandro,Grimaldo García,84,210035
,Fabian,Schär,78,210047
,Mathieu,Valbuena,79,177326
,Morgan,Schneiderlin,76,177358
,Tomasz,Kędziora,76,210136
,Issa,Diop,77,231633
,Dimitri,Payet,82,177388
,Dieumerci,Mbokani,78,177392
,Axel,Witsel,84,177413
Garry Rodrigues,Garry,Mendes Rodrigues,76,210212
,Lars,Bender,82,177457
,Sven,Bender,81,177458
,Luis,Romo,75,243015
Ederson,Ederson,Santana de Moraes,88,210257
,Cristian,Pellerano,75,210281
Bruno Peres,Bruno,da Silva Peres,77,210282
,Jhon,Córdoba,78,210287
De Tomás,Raúl,de Tomás Gómez,78,210315
,Jonas,Hofmann,77,210324
João Teixeira,João Carlos,Vilaça Teixeira,75,210377
Javi Martínez,Javier,Martínez Aginaga,81,177610
,Ridgeciano,Haps,77,210384
Rui Silva,Rui Tiago,Dantas da Silva,79,210385
Davidson,Davidson,da Luz Pereira,77,237135
Ángel,Ángel Luís,Rodríguez Díaz,79,177633
,Piotr,Zieliński,80,210406
Otávio,Otávio Edmilson,da Silva Monteiro,80,210411
,Alessio,Romagnoli,83,210413
,Albert,Rusnák,75,210423
Aritz Elustondo,Aritz,Elustondo,76,226221
,Abdoulaye,Touré,75,210450
,Yann,Sommer,86,177683
Jonny,Jonathan,Castro Otto,81,210455
,Darwin,Machís,78,210463
Júnior Moraes,Aluísio Chaves,Rib. Moraes Júnior,79,243238
,Orkun,Kökçü,75,243245
,Juan Fernando,Quintero,79,210513
João Cancelo,João Pedro,Cavaco Cancelo,83,210514
,Renato,Steffen,78,210537
Samu Castillejo,Samuel,Castillejo Azuaga,79,210617
,Kevin,Mbabu,79,210625
,Marcel,Halstenberg,82,210665
Paulo Oliveira,Paulo André,Rodrigues Oliveira,76,210679
Emerson,Emerson,Palmieri dos Santos,79,210736
,Rodolfo,Pizarro,76,210761
Miguel Veloso,Miguel Luís,Pinto Veloso,77,178007
Juan Mata,Juan Manuel,Mata García,79,178088
,Diego,Biseswar,75,178090
,Stefano,Okaka,75,178091
,Elseid,Hysaj,78,210864
,John,McGinn,76,210881
,Morgan,Sanson,79,210896
,Chancel,Mbemba,75,210897
Chiquinho,Francisco L.,Lima Silva Machado,76,243686
,Uğurcan,Çakır,77,226300
,Thomas,Mangani,75,178160
Carles Gil,Carles,Gil Pareja,76,210930
,Domenico,Berardi,80,210935
Manquillo,Javier,Manquillo Gaitán,76,210972
,Etienne,Capoue,78,178213
,Javier,Hernández,78,178224
,Abdülkadir,Ömür,75,231777
,Papakouli,Diop,78,178250
Ivo,Olívio,Da Rosa,75,178253
Rubén García,Rubén,García Santos,79,211022
,Ryan,Donk,76,178255
,Gregor,Kobel,75,235073
,Silvio,Proto,75,47201
Éder,Éder,Citadin Martins,79,178311
,Miguel,Layún,76,178322
,Callum,McGregor,77,211093
,Opa,Nguette,75,211099
Rubén Blanco,Rubén,Blanco Veiga,76,211101
Frederico Venâncio,Frederico André,Ferrão Venâncio,75,211107
Fei Nanduo,Nanduo,Fei,75,211108
,Paulo,Dybala,88,211110
,Dele,Alli,83,211117
,Giorgio,Chiellini,87,138956
,Valentino,Lazaro,79,211147
,Ruud,Vormer,77,178415
,Jeremain,Lens,76,178416
Antunes,Vitorino,Pacheco Antunes,79,178424
,Oscar,Wendt,75,144429
,Ramón,Azeez,75,211231
Rubén Peña,Rubén,Peña Jiménez,80,211241
,Nicolás,Tagliafico,84,211256
,Ricardo,Centurión,77,211267
,Olivier,Giroud,79,178509
,Radja,Nainggolan,83,178518
,Anthony,Martial,84,211300
,Daniele,Rugani,80,211320
,Éver,Banega,83,178562
André Horta,André Filipe,Luz Horta,75,226370
,Robert,Skov,75,215449
,Mats,Hummels,86,178603
,Sofiane,Boufal,75,211381
,Hirving,Lozano,80,221992
,Uroš,Račić,75,244253
Dani Olmo,Daniel,Olmo Carvajal,79,244260
,Amir,Rrahmani,76,244263
,Pierluigi,Gollini,79,211515
Sergio Asenjo,Sergio,Asenjo Andrés,82,178750
Luís Maximiano,Luís Manuel,Arantes Maximiano,78,244316
André Gomes,André Filipe,Tavares Gomes,79,211575
,Moussa,Dembélé,81,211591
,Viktor,Tsygankov,80,244369
,Vitaliy,Mykolenko,76,244380
Gayà,José Luís,Gayà Peña,83,211688
,Ondřej,Kolář,78,244467
Pere Pons,Pere,Pons Riera,75,211706
Riqui Puig,Ricard,Puig Martí,75,242816
,Mark,Flekken,75,211738
,Kerem,Demirbay,80,211748
,Neal,Maupay,77,211784
Andrés Fernández,Andrés Eduardo,Fernández Moreno,78,146296
Vinícius,Carlos Vinícius,Alves Morais,79,244621
,Janik,Haberer,75,211879
,Florian,Niederlechner,78,211899
Negredo,Álvaro,Negredo Sánchez,76,146439
,Nikola,Vukčević,75,221016
,Odisseas,Vlachodimos,81,211990
,Rani,Khedira,75,211999
Trincão,Francisco,Mota Castro Trincão,78,244778
,Robert,Berić,75,212023
,Camilo,Vargas,78,212067
Jesús Navas,Jesús,Navas González,84,146536
,Vincenzo,Grifo,78,212096
,Darko,Lazović,76,212127
,Mohammed,Salisu,76,244915
,Max,Meyer,76,212150
,Thomas,Strakosha,83,212151
,Roberto,Gagliardini,78,212153
,Hugo,Ayala,75,171896
,Juan Gabriel,Rodríguez,75,244950
Nacho,José Ignacio,Martínez García,78,212183
,Philipp,Max,79,212187
,Timo,Werner,85,212188
,Niklas,Süle,84,212190
,Julian,Brandt,84,212194
,Pione,Sisto,75,212196
Bruno Fernandes,Bruno Miguel,Borges Fernandes,87,212198
,Brandon,Mechele,76,212204
,Nicolae,Stanciu,77,212207
Andrei Girotto,Andrei,Girotto,76,226515
,Dominik,Kohr,75,212212
Ricardo Esgaio,Ricardo,Sousa Esgaio,78,212213
,Aymeric,Laporte,87,212218
,Alexander,Djiku,77,212219
,Yannick,Gerhardt,75,212245
Ivan Cavaleiro,Ivan Ricardo,Cavaleiro,75,212267
Diego López,Diego,López Rodríguez,76,146748
Soldado,Roberto,Soldado Rillo,76,146758
,Jack,O'Connell,78,212300
,Marko,Marin,75,179546
,Miralem,Sulejmani,76,179560
Pablo Hernández,Pablo,Hernández Dominguez,75,179591
,Adel,Taarabt,77,179605
,Mohammed,Kudus,75,245155
,Luis Javier,Suárez,75,245158
,Federico,Bernardeschi,80,212404
,Simon,Kjær,80,179645
,Tyrone,Mings,75,212419
Jo Hyeon Woo,Hyeon Woo,Jo,75,212432
José Sá,José Pedro,Malheiro de Sá,78,212442
,Mateo,Pavlović,75,212449
Alex Telles,Alex,Nicolao Telles,84,212462
Iván Cuéllar,Iván,Cuéllar Sacristán,77,146952
,Arthur,Masuaku,77,212491
,Javier,Pinola,76,146963
,Leander,Dendoncker,78,212501
Reguilón,Sergio,Reguilón Rodríguez,82,245279
Anderson Talisca,Anderson,Souza Conceição,82,212523
Diego Castro,Diego,Castro Giménez,76,147006
,Damien,Da Silva,77,179789
Diego Llorente,Diego Javier,Llorente Ríos,76,212602
Diego Costa,Diego,da Silva Costa,80,179844
,Sami,Khedira,81,179846
,Federico,Fazio,77,179847
,Rodrigo Javier,De Paul,77,212616
,Jean-Clair,Todibo,75,245388
,Joshua,Kimmich,88,212622
Santi Mina,Santiago,Mina Lorenzo,76,212623
,Marash,Kumbulla,75,245426
,Ludwig,Augustinsson,76,212678
Rony Lopes,Marcos Paulo,Mesquita Lopes,78,212692
David Luiz,David Luiz,Moreira Marinho,80,179944
,DeAndre,Yedlin,76,212722
,Jorrit,Hendrix,75,212755
,Mario,Lemina,77,212811
João Mário,João Mário,Naval Costa Eduardo,80,212814
Alisson,Alisson,Ramses Becker,90,212831
,Lukáš,Masopust,75,243007
,Wylan,Cyprien,77,212886
Hernâni,Hernâni Jorge,Santos Fortes,76,212911
,Laurent,Depoitre,75,212933
,Amine,Harit,77,232097
,Miralem,Pjanić,85,180206
,Niklas,Stark,76,212977
,Séamus,Coleman,79,180216
,Frank,Acheampong,76,213013
,Çağlar,Söyüncü,80,232119
Marcelo,Marcelo Antônio,Guedes Filho,76,180334
,Divock,Origi,77,213135
,Roman,Zobnin,78,213160
Willian,Willian,Borges da Silva,82,180403
,Nabil,Bentaleb,75,213296
,Jonathan,Tah,79,213331
,Kingsley,Coman,84,213345
Vieirinha,Adelino André,Vieira de Freitas,75,177553
Aderllan Santos,Aderllan,de Jesus Santos,76,213374
,Mason,Greenwood,77,246147
,Flavien,Tait,76,213388
,Diego,Laxalt,77,213400
Guilherme,Guilherme Alvim,Marinato,78,180714
Ricardo Horta,Ricardo Jorge,da Luz Horta,79,213516
,Thomas,Lemar,81,213565
Puertas,Antonio José,Rodríguez Díaz,77,213577
,Adam,Lallana,77,180819
,Erick,Pulgar,76,213629
,Pierre-Emile,Højbjerg,80,213648
,Igor,Akinfeev,80,148119
Nacho Monreal,Ignacio,Monreal Eraso,80,177604
,Andreas,Christensen,79,213661
,Ruben,Loftus-Cheek,78,213666
,Ben,Pearson,75,213689
,Edin,Džeko,83,180930
,Alexandr,Selikhov,76,213732
,Abderrazak,Hamdallah,79,213761
,Federico,Di Francesco,76,213814
,Wilfred,Ndidi,84,226790
,Makoto,Hasebe,76,181098
Thiago Mendes,Thiago Henrique,Mendes Ribeiro,77,213874
,Maxence,Caqueret,75,246646
,Ryan,Christie,75,213884
,Éder,Balanta,76,213899
Helton Leite,Helton Brant,Aleixo Leite,75,213951
Adama Traoré,Adama,Traoré Diarra,79,213956
,Jefferson,Lerma,77,213991
,Gustavo,Cuéllar,76,214009
,Johan,Mojica,75,214026
,Bořek,Dočkal,75,181271
,Frank,Fabra,79,214040
,Mateus,Uribe,78,214047
,Georginio,Wijnaldum,85,181291
,Paweł,Kieszek,75,148526
,Nicolás,Vikonis,75,214076
,Albin,Ekdal,75,181318
,Alexey,Miranchuk,79,214092
,Benjamin,Bourigeaud,78,214097
,Sergio,Otálvaro,75,214111
,Yimmi,Chará,77,214132
,Mohamed,Ihattaren,77,246960
,Felipe,Pardo,75,214207
,Petr,Ševčík,76,247030
,Michael,Rangel,75,214350
Pablo Fornals,Pablo,Fornals Malla,79,226456
,Felipe,Campos,75,214446
,Luis,Quiñones,76,214491
,Edmond,Tapsoba,78,247263
,Andrés,Ricaurte,75,214497
,Dwight,McNeil,78,243282
,Vedran,Ćorluka,79,181786
,Stiven,Mendoza,76,214570
,Juan,Angulo,75,214572
,Franco,Armani,80,214584
,Stevan,Jovetić,77,181820
,Stefan,Medina,75,214601
,Dejan,Kulusevski,77,247394
Postigo,Sergio,Postigo Redondo,75,214639
,Arturo,Vidal,83,181872
,Francesco,Magnanelli,75,149185
,Carlos,Izquierdoz,78,214766
Sidnei,Sidnei Rechel,da Silva Júnior,79,182002
,Silvio,Romero,77,214781
,Óscar,Opazo,76,214838
Tete,Mateus,Tetê,75,247641
Emerson,Emerson,Leite De Souza,78,247204
,Alexandru,Epureanu,75,182133
,Dale,Stephens,75,182184
,Lukas,Podolski,75,150516
,Francisco,Pizzini,75,214971
,Matías,Kranevitter,76,214977
,Juan,Musso,80,214979
,Anthony,Modeste,75,182212
,Leonel,Miranda,75,214988
,Ángel,Correa,82,214997
,Lisandro,López,76,215051
,Iván,Marcone,78,215057
,Darío,Benedetto,79,215061
,Julio,Furch,75,215064
,Milton,Casco,79,215071
,Édson,Puch,75,215103
,Julio,Buffarini,77,215108
,Leonardo,Sigali,76,215135
,Lautaro,Giannetti,75,215147
,Mariano,Bíttolo,75,215148
,Alejandro,Donatti,75,215162
,Ciro,Rius,75,215165
,Lucas,Menossi,75,215193
,Walter,Benítez,81,215223
,Adrien,Hunou,75,215245
,Guido,Herrera,75,215251
,Diego,Godín,85,182493
,Fernando,Muslera,82,182494
,Martín,Cáceres,76,182495
,Lucas,Zelarayán,76,215270
,Toni,Kroos,88,182521
,Brandon,Williams,75,243414
,Paulo,Gazzaniga,77,205186
,Gerónimo,Rulli,82,215316
,Jonathan,Silva,75,215322
,Joaquín,Correa,81,215330
,Duván,Zapata,83,215333
Mama Baldé,Mama Samba,Baldé,75,237960
,Karim,Rekik,75,205193
,Lucas,Alario,77,215353
Rúben Vezo,Rúben Miguel,Nunes Vezo,77,215399
,Mahmut,Tekdemir,75,182670
,Bruno,Petković,77,215455
,Nikola,Maksimović,77,215466
,Eduardo,Camavinga,76,248243
,Bartłomiej,Drągowski,75,215502
,Alexander,Schlager,75,215522
,Deniz,Türüç,75,215531
,Andriy,Lunin,75,243952
Ayoze Pérez,Ayoze,Pérez Gutiérrez,79,215590
Jason,David Jason,Remeseiro Salgueiro,76,215616
Kenedy,Robert Kenedy,Nunes do Nascimento,76,215639
,Roberto,Rosales,77,182896
,Andrea,Petagna,76,215689
,Mike,Maignan,82,215698
,Youssouf,Sabaly,75,215699
,Pablo,Aguilar,76,182941
,Max-Alain,Gradel,77,182945
,Aleksandar,Mitrović,77,215716
Mariano,Mariano,Díaz Mejía,77,221639
,Keita,Baldé,76,215785
,Maxwel,Cornet,75,215798
,Fabian,Delph,77,183427
Gabriel,Gabriel,dos S. Magalhães,78,232580
,Nordin,Amrabat,79,183108
,Troy,Deeney,76,183125
,Ciaran,Clark,76,183129
,Marc,Albrighton,76,183130
,N'Golo,Kanté,88,215914
,Tin,Jedvaj,75,215930
,Ignacio,Fernández,81,215998
,Eden,Hazard,88,183277
,Mamadou,Sakho,76,183285
,Nery,Domínguez,76,216054
Rui Patrício,Rui Pedro,dos Santos Patrício,84,178005
,Marco,Sportiello,76,216065
Víctor Díaz,Víctor David,Díaz Miguel,78,183353
,Davide,Zappacosta,78,216150
,Silvan,Widmer,76,216158
,Moussa,Sissoko,79,183394
Capa,Ander,Capa Rodríguez,81,216189
Dani García,Daniel,García Carrillo,79,216194
Iñaki Williams,Iñaki,Williams Arthuer,81,216201
,Kenny,Tete,77,216266
,Orestis,Karnezis,76,183497
,Marco,Parolo,79,183498
Yuri Berchiche,Yuri,Berchiche Izeta,83,183512
Danilo,Danilo Teodoro,Soares,75,216283
,Seko,Fofana,76,216320
,Eric Maxim,Choupo-Moting,75,183569
,Max,Kruse,81,183574
,Nils,Petersen,76,183580
,Arijan,Ademi,76,216350
,Marcelo,Brozović,84,216352
,Andrej,Kramarić,82,216354
,Daley,Sinkgraven,77,216380
,Allan,Saint-Maximin,80,216388
,Youri,Tielemans,81,216393
,Matteo,Politano,81,216409
Roberto,Roberto,Jiménez Gago,75,183666
,Stanislav,Lobotka,78,216435
,Jean Michaël,Seri,77,216451
Gonçalo Paciência,Gonçalo,Mendes Paciência,77,216452
,José María,Giménez,84,216460
Wendell,Wendell,Nascimento Borges,77,216466
Morales,José Luis,Morales Nogales,79,216475
,Jordan,Henderson,86,183711
Rafa,Rafael A.,Ferreira Silva,83,216547
,Nabil,Fekir,83,216594
,Angelo,Ogbonna,77,183855
,Léo,Dubois,79,216643
Bastos,Bartolomeu,Quissanga,77,216655
,Maxi,Moralez,75,183895
,Ángel,Di María,87,183898
,Pablo,Piatti,78,183899
,Diego,Perotti,79,183900
,Jérôme,Boateng,82,183907
,Ibrahima,Traoré,75,183909
,Maximiliano,Meza,75,216700
,Wesley,Hoedt,75,216774
Rúben Semedo,Rúben Afonso,Borges Semedo,75,216778
,Martin,Kelly,75,184037
,Giovanni,Simeone,76,216816
,Moses,Simon,77,216820
,Toby,Alderweireld,85,184087
,Marko,Dmitrović,81,227290
Marcelo Goiano,Marcelo Augusto,Ferreira Teixeira,78,216373
Fernando,Fernando,Reges,83,184134
,Nicolás,Gaitán,76,184144
,Andre,Blake,75,216939
,Romain,Thomas,76,184190
,Marko,Arnautović,82,184200
,Lucas,Pratto,75,184252
Álex Moreno,Alexandre,Moreno Lopera,77,217036
,Chris,Basham,77,184274
Arthur Cabral,Arthur,Mendonça Cabral,75,246186
,Leonardo,Bonucci,85,184344
,Matteo,Darmian,76,184392
,José Luis,Palomino,76,217196
,Sebastian,Giovinco,80,184431
Azpilicueta,César,Azpilicueta Tanco,84,184432
,Gylfi,Sigurðsson,79,184484
,Anwar,El Ghazi,75,216433
,Romain,Alessandrini,77,184575
Fábio Pacheco,Fábio José,Ferreira Pacheco,75,184606
,Luis,Montes,77,184703
Sequeira,Nuno Miguel,Jerónimo Sequeira,78,217546
Adrien Silva,Adrien S.,Perruchet Silva,76,184826
Alan Kardec,Alan Kardec,de Sousa Pereira Jr,76,184858
,Ismaël,Traoré,75,184873
,Sofiane,Feghouli,79,184881
Rodrygo,Rodrygo,Silva de Goes,79,243812
,Islam,Slimani,77,217699
,Alexis,Sánchez,80,184941
Giuliano,Giuliano Victor,de Paula,80,184942
José Callejón,José María,Callejón Bueno,84,185020
Paulinho,João Paulo,Dias Fernandes,79,216531
,Giovanni,Di Lorenzo,76,217870
,Aleksandar,Kolarov,82,185103
,Péter,Gulácsi,85,185122
,Dakonam,Djené,82,217940
,Andrea,Poli,76,185174
Yoel,Yoel,Rodríguez Oterino,75,185181
,Alexander,Sørloth,77,216549
,Odion,Ighalo,77,185195
,Niklas,Moisander,75,172862
Luiz Gustavo,Luiz Gustavo,Dias,80,185221
,Sebastian,Rudy,77,189251
,Ömer,Toprak,76,185239
,Mbwana Ally,Samatta,76,218066
,Khama,Billiat,76,218154
,Joshua,King,77,185422
,Nikola,Kalinić,77,185431
Piqué,Gerard,Piqué Bernabeu,86,152729
,Mahmoud,Dahoud,76,218339
,Didier,Ndong,75,218359
Cucurella,Marc,Cucurella Saseta,81,239231
Iago,Iago,Amaral Borduchi,75,251182
,Mark,Noble,75,152879
,Zouhair,Feddal,78,205705
,Ashley,Young,77,152908
,José,Sand,75,152912
,Per Ciljan,Skjelbred,76,152996
,Rodrigo,Palacio,75,152999
,Manuel,Neuer,89,167495
,Magnus Wolff,Eikrem,75,153048
,Sergio,Agüero,89,153079
,Atiba,Hutchinson,76,134744
,Shon,Weissman,75,251412
,Matt,Targett,76,218659
Bernardo Silva,Bernardo Mota,Carvalho e Silva,87,218667
,André-Pierre,Gignac,81,153244
Hilton,Vitorino,Hilton da Silva,77,153260
Renan Lodi,Renan Augusto,Lodi dos Santos,81,251573
Pepe,Képler Laveran,Lima Ferreira,81,120533
,Jimmy,Briand,75,134779
,Rodolfo,Cota,75,186098
,Alejandro,Silva,75,218868
,Kieran,Gibbs,75,186115
,Oliver,Norwood,77,186143
,Wojciech,Szczęsny,87,186153
,Luke,Ayling,75,186156
,Patrick,van Aanholt,77,186190
,Gaël,Kakuta,75,186197
,Maximilian,Mittelstädt,76,227647
Ricardo Pereira,Ricardo,Barbosa Pereira,85,210243
,Sergiño,Dest,75,251804
,Elías,Hernández,77,186302
,Theodor,Gebre Selassie,76,186330
,Kieran,Trippier,83,186345
,Leroy,Fer,76,186351
,Guillermo,Maripán,75,219145
,Joel,Ward,76,186392
,Matt,Ritchie,77,186395
,Sebastián,Fernández,75,186408
,Domagoj,Bradarić,75,252000
,David,von Ballmoos,75,219244
Pedro Henrique,Pedro Henrique,Pereira da Silva,77,219258
,Cristhian,Stuani,79,186537
,Mateo,Musacchio,78,186547
,Aaron,Ramsey,82,186561
,Sven,Ulreich,79,186569
,Tamás,Kádár,75,186648
Montoro,Ángel,Montoro Sánchez,77,186682
Kiko Olivas,Francisco José,Olivas Alba,75,186684
,Cheikhou,Kouyaté,77,186801
Camarasa,Víctor,Camarasa Ferrando,75,219571
,Rodrigo,Battaglia,75,219576
,Samuel,Gigot,78,219581
,Kwadwo,Asamoah,76,186832
Bruma,Armindo,Tué Na Bangna,76,211368
,Ashley,Barnes,77,186905
,Jordan,Amavi,78,219681
,Corentin,Tolisso,80,219683
Diego Carlos,Diego Carlos,Santos Silva,83,219693
,İlkay,Gündoğan,83,186942
,Ibrahim,Amadou,76,211382
,Ben,Davies,80,205923
,Georges-Kévin,Nkoudou,75,219732
,Ludovic,Ajorque,76,219733
,Hugo,González,75,186990
,Jesús,Dueñas,75,186992
,Hamari,Traoré,79,219789
,Baptiste,Santamaria,79,219792
,Tiemoué,Bakayoko,79,219809
,Sean,Klaiber,76,219814
,Yann,M'Vila,79,187052
,Lars,Stindl,80,187072
,Miguel,Borja,76,219862
Embarba,Adrián,Embarba Blazquez,75,219953
Jovane Cabral,Jovane Eduardo,Borges Cabral,77,244193
,Matias,Vecino,80,219985
Jorge Molina,Jorge,Molina Vidal,78,154472
,Ante,Rebić,79,220018
,Oliver,McBurnie,75,220031
Leo Baptistao,Leonardo,Carrilho Baptistão,78,205976
,Nehuén,Pérez,75,244206
,Luca,Waldschmidt,76,220085
,Hans,Hateboer,78,220093
,Calum,Chambers,75,205989
Zaldúa,Joseba,Zaldúa Bengoetxea,79,220132
,Leonardo,Fernández,76,252935
,Jason,Denayer,79,220182
,Jorge,Hernández,75,187421
,David,Brooks,76,220196
Ansu Fati,Anssumane,Fati,76,253004
Munir,Munir,El Haddadi,79,220253
,Fedor,Smolov,76,187491
,Juan,Dinenno,75,220287
Fransérgio,Fransérgio,Rodrigues Barbosa,77,195096
,Ángel,Romero,75,220332
,Óscar,Romero,76,220334
,Joey,Veerman,75,253109
Rafael Tolói,Rafael,Tolói,77,187598
,Martin,Dúbravka,83,220407
Diego Rico,Diego,Rico Salguero,77,220414
,Hassane,Kamara,77,220421
,Clément,Lenglet,85,220440
,Andrés,Cubas,75,222429
,Mattia,Caldara,78,220477
,Mattia,Zaccagni,75,220502
,Alan,Dzagoev,76,187735
,Kevin,Dawson,75,253272
Marlos,Marlos,Romero Bonfim,81,187754
,Yerry,Mina,78,220523
,Jan,Bednarek,77,220570
Jaume,Jaume,Domenech Sánchez,77,220604
,Federico,Viñas,75,253385
,Saïd,Benrahma,77,220621
,Demarai,Gray,75,220633
Angeliño,José Ángel,Esmoris Tasende,80,220651
,James,Maddison,81,220697
,Steven,Nzonzi,79,187936
,Harry,Wilson,77,220710
,Philip,Billing,75,220714
Paulinho,José Paulo,Bezerra M. Júnior,83,187961
,Ryan,Thomas,75,220763
,Davinson,Sánchez,81,220793
Rafael Carioca,Rafael,de Souza Pereira,78,188041
,Matías,Suárez,78,188042
Alan Carvalho,Alan Douglas,Borges de Carvalho,77,188044
,Lucas,Hernández,82,220814
Marco Asensio,Marco,Asensio Willemsen,82,220834
Alex Teixeira,Alex,Teixeira dos Santos,79,188081
Raphinha,Raphael,Dias Belloli,81,233419
Rochina,Rubén,Rochina Naixes,77,188103
,Rafael Santos,Borré,78,220883
Oscar,Oscar,dos Santos Emboaba,83,188152
,Daryl,Janmaat,75,188155
,Lovre,Kalinić,75,220932
,Matt,Phillips,75,188166
,Serhiy,Sydorchuk,75,220948
,Naby,Keïta,81,220971
,Josip,Brekalo,76,234711
Carlos Fernández,Carlos,Fernández Luna,76,221014
,James,McCarthy,76,188253
,Lautaro,Acosta,78,188268
Diogo Viana,Diogo Filipe,Guerreiro Viana,75,188313
Pau López,Pau,López Sabata,83,221087
,Ante,Budimir,76,188335
,Marco,Reus,85,188350
,Kyle,Walker,85,188377
,Ryad,Boudebouz,76,188388
,Mislav,Oršić,76,221174
,Senad,Lulić,78,188427
,Tim,Leibold,76,221201
Pepe Reina,José Manuel,Reina Páez,79,24630
,Facundo,Waller,75,254048
,Robert,Lewandowski,91,188545
,Pierre-Emerick,Aubameyang,87,188567
,Donny,van de Beek,83,221363
Sergio Ramos,Sergio,Ramos García,89,155862
,Michael,Bradley,75,155887
Wu Lei,Lei,Wu,78,221445
,Dominic,Calvert-Lewin,79,221479
,Robert,Snodgrass,77,155946
,Nico,Elvedi,78,221491
,Admir,Mehmedi,76,188770
Raúl,Raúl Michel,Melo da Silva,76,221540
Taison,Taison,Barcellos Freda,81,188803
,Joe,Lolley,75,221587
,Nicolas,Nkoulou,80,188829
Miguel Lopes,Hugo Miguel,Almeida Costa Lopes,75,188840
,Vladimír,Coufal,78,244470
,Victor,Lindelöf,80,221660
,Ollie,Watkins,76,221697
,Cristian,Álvarez,75,188938
,Victor,Wanyama,76,188942
,Kevin,Trapp,83,188943
,Alfredo,Morelos,75,221714
,Gustavo,Bou,76,188955
,Enzo,Crivelli,75,221740
,Manuel,Lanzini,78,188988
,Erik,Thommy,75,221797
,Daniel,Brosinski,75,189043
,Francesco,Caputo,79,189053
,Aleksandar,Dragović,75,189060
,Lucas,Olaza,77,221832
,Bas,Dost,78,189068
,Eloy,Room,75,189084
,Roman,Bürki,84,189117
,Giacomo,Bonaventura,80,189125
,Serdar,Aziz,75,189127
Daniel Carriço,Daniel Filipe,Martins Carriço,76,189156
,Yannick,Bolasie,75,189157
,Jonjo,Shelvey,77,189165
,John,Fleck,77,189177
,José de Jesús,Corona,75,156412
Núrio Fortuna,Núrio Domingos,Matias Fortuna,75,221994
Coutinho,Philippe,Coutinho Correia,83,189242
,Salomón,Rondón,77,189250
,Julian,Weigl,79,222028
,Francis,Coquelin,80,189271
,Ashley,Westwood,78,189280
,Héctor,Herrera,81,156519
,Etrit,Berisha,76,189296
Zainadine,Zainadine,Chavango Júnior,75,217235
Nélson Oliveira,Nélson Miguel,Castro Oliveira,75,189303
,Manuel,Locatelli,78,222077
,Alex,McCarthy,77,189324
Jordi Alba,Jordi,Alba Ramos,86,189332
,Ghislain,Konan,76,235634
,Aaron,Long,75,222123
,Shinji,Kagawa,76,189358
Hulk,Givanildo,Vieira de Souza,80,189362
,Ondrej,Duda,75,222148
,Franck,Ribéry,81,156616
,Dennis,Diekmeier,75,189388
,Bastian,Oczipka,75,189390
,Youssouf,Koné,76,222160
Souza,Josef,de Souza Dias,77,189423
,Benjamin,Hübner,77,189433
,Jack,Wilshere,76,189461
Aridane,Aridane,Hernández Umpiérrez,77,189472
,Davide,Santon,75,189484
Thiago,Thiago,Alcântara,85,189509
Sergio Busquets,Sergio,Busquets Burgos,87,189511
Parejo,Daniel,Parejo Muñoz,85,189513
Iborra,Vicente,Iborra de la Fuente,79,189560
,Lukas,Klostermann,80,222331
Muniain,Iker,Muniain Goñi,83,189575
,Breel,Embolo,78,222357
,Thomas,Müller,86,189596
,Anton,Miranchuk,76,222368
,Julian,Baumgartlinger,77,189606
,Aaron,Cresswell,77,189615
Unai López,Unai,López Cabrera,77,222390
,Harry,Winks,79,222400
Rafael,Rafael,Pereira da Silva,77,189681
,Ben,Mee,79,189682
,Bernard,Mensah,75,222457
Guaita,Vicente,Guaita Panadero,80,189690
,Kevin,Strootman,77,189712
,Leroy,Sané,85,222492
,Tom,Cleverley,75,189725
,Timothy,Castagne,77,222501
Dani Ceballos,Daniel,Ceballos Fernández,80,222509
,Zinedine,Ferhat,75,222515
,Rick,Karsdorp,75,222558
,Luuk,de Jong,80,189805
,Lorenzo,Pellegrini,79,228251
Kiko Femenía,Francisco,Femenía Far,76,189860
,Chris,Smalling,79,189881
,Martin,Ødegaard,83,222665
,Łukasz,Skorupski,76,189908
,Burak,Yılmaz,78,124375
Antony,Antony,Matheus dos Santos,78,255475
Petros,Petros Matheus,dos Santos Araujo,79,222709
Otávio,Otávio Henrique,Passos Santos,77,222715
Everton,Everton,Sousa Soares,81,222716
,Ryan,Babel,77,157301
,Thomas,Vermaelen,76,157304
,Mert,Günok,77,190113
,Karl-Johan,Johnsson,76,190120
Cote,José Ángel,Valdés Díaz,79,190143
De Marcos,Oscar,De Marcos Arana,78,190149
,Marvelous,Nakamba,75,222994
,Marwin,Hitz,78,190243
Raúl Albiol,Raúl,Albiol Tortajada,82,157481
Iago Falqué,Iago,Falqué Silva,77,190264
,Ángel,Mena,78,223053
Canales,Sergio,Canales Madrazo,82,190286
,Franco,Cervi,78,223061
,Christian,Kabasele,76,190324
Cristiano Ronaldo,C. Ronaldo,dos Santos Aveiro,92,20801
,Krzysztof,Piątek,78,223113
,Teemu,Pukki,76,190362
,Damien,Le Tallec,76,190416
,Enes,Ünal,75,223197
Oier,Oier,Sanjurjo Maté,77,190432
,Christian,Eriksen,85,190460
Douglas Costa,Douglas,Costa de Souza,84,190483
,Mario,Pašalić,77,223273
,Tony,Jantschke,75,190520
Carraça,Rui Filipe,Caetano Moura,75,223297
,Adem,Ljajić,80,190544
,Kamil,Glik,75,190547
,Ike,Opara,75,190558
,Andrea,Conti,77,223329
Joelinton,Joelinton,Apolinário de Lira,75,223334
,Stefan,Frei,75,190569
,Sebastián,Blanco,76,190577
Illarramendi,Asier,Illarramendi,80,190584
,Darwin,Quintero,75,190607
,Benjamin,André,80,190674
,Michail,Antonio,78,190717
,Marco,Silvestri,77,190745
,Pascal,Groß,77,190765
,Jeroen,Zoet,76,190778
,Jonas,Omlin,77,223550
,Lionel,Messi,93,158023
,Michael,Barrios,75,221306
Mata,Jaime,Mata Arnaiz,79,223578
,Stephan,El Shaarawy,79,190813
,Daley,Blind,82,190815
,Omar,Elabdellaoui,76,190824
,Ruben,Aguilar,78,223597
Eraso,Javier,Eraso Goñi,75,223608
,Peter,Pekarík,75,190854
,Omar,Al Soma,77,223627
Neymar Jr,Neymar,da Silva Santos Jr.,91,190871
,Juraj,Kucka,77,190875
,Adam,Smith,75,190885
,Benoît,Costil,79,158121
,Stefan,Posch,75,223671
,Wout,Weghorst,81,223689
,Robin,Gosens,82,223697
,Lukáš,Hrádecký,83,190941
,Stefan,Lainer,80,223724
,Osvaldo,Alonso,75,190971
,Eduardo,Salvio,81,190972
,Luigi,Sepe,77,191011
Alex Sandro,Alex Sandro,Lobo Silva,85,191043
,Jonathan,Rodríguez,78,223816
,Tomás,Rincón,75,191053
Dídac Vilà,Dídac,Vilà Roselló,75,191055
,Jóhann Berg,Guðmundsson,77,191076
,Sergej,Milinković-Savić,85,223848
,Valentin,Rongier,80,223874
,Alexander,Nübel,75,223885
,Paul,Bernardoni,78,223898
,Lago,Júnior,75,191135
,Javier,Pastore,77,191180
David Soria,David,Soria Solís,82,223952
,Lucas,Torreira,81,223959
,Nemanja,Matić,80,191202
,Sébastien,Corchia,75,191210
Sergio Herrera,Sergio,Herrera Pirón,76,224003
,Adam,Marušić,77,224031
,Karl,Toko-Ekambi,78,224069
,Kalvin,Phillips,76,224081
Dyego Sousa,Dyego Wilverson,Ferreira Sousa,76,224116
,Henry,Martín,75,224151
Dante,Dante Bonfim,Costa Santos,76,158625
,Mathieu,Debuchy,78,158626
,Hasan Ali,Kaldırım,75,125871
Borja Iglesias,Borja,Iglesias Quintas,79,224179
,Ramy,Bensebaini,79,224196
,François,Kamano,75,224218
,Joachim,Andersen,76,224221
,Nicolò,Barella,80,224232
,Robin,Zentner,75,224251
,Cristian,Pavón,79,224254
,Jonjoe,Kenny,76,224263
Rúben Neves,Rúben Diogo,da Silva Neves,82,224293
,Lewis,Cook,75,224294
Joan Jordán,Joan,Jordán Moreno,79,224309
,Yūya,Ōsako,75,191565
,Lucas,Hoyos,75,224348
,Jarrod,Bowen,77,224371
Fábio Martins,Fábio,Santos Martins,77,224394
,Mats,Rits,75,191627
,Leandro,Chichizola,76,191628
Gonçalo Guedes,Gonçalo Manuel,Ganchinho Guedes,81,224411
,Jérémie,Boga,77,224422
Maicon,Maicon,Pereira Roque,78,191687
Diogo Jota,Diogo José,Teixeira da Silva,80,224458
Léo Matos,Leonardo,de Matos Cruz,75,158942
,Kévin,Gameiro,79,176600
,Zeki,Çelik,77,224490
,Lucas,Biglia,77,158963
Ander Herrera,Ander,Herrera Agüera,79,191740
Pedro Nuno,Pedro Nuno,Fernandes Ferreira,75,224538
,Emmanuel,Boateng,76,224540
,Henry,Onyekuru,77,234045
Kim Shin Wook,Shin Wook,Kim,76,191910
,Bafétimbi,Gomis,80,159145
,Peter,Olayinka,75,224739
,Fabio,Quagliarella,80,159261
,Néstor,Araújo,75,192041
,Luis,Rodríguez,78,192045
Ricardo Goulart,Ricardo,Goulart Pereira,80,192064
,Alexandr,Kokorin,78,192086
,Georgiy,Schennikov,75,192087
Bustinza,Unai,Bustinza Martínez,75,224869
,Thibaut,Courtois,89,192119
,Chris,Wood,78,192123
,Vladislav,Ignatiev,75,192146
,Shkodran,Mustafi,78,192227
,Mason,Holgate,77,225024
,Nemanja,Radoja,75,225028
Johnathan,Johnathan,Aparecido Silva,77,192270
,Ali,Adnan,75,223198
,Joe,Gomez,83,225100
,Alex,Meret,78,225116
,Javier,Aquino,75,192350
,Sergio,Padt,75,192358
,Rouwen,Hennings,75,179516
,Nicolás,Otamendi,79,192366
,Fabián,Rinaudo,75,192371
,Percy,Tau,75,225144
,Ciro,Immobile,87,192387
Vallejo,Jesús,Vallejo Lázaro,76,225161
,Jarlan,Barrera,75,225182
Merino,Mikel,Merino Zazón,80,225193
Júnior Caiçara,Uílson de Souza,Paula Júnior,77,192427
Alex Berenguer,Alejandro,Berenguer Remiro,76,225201
,Daniel,Ginczek,76,192445
,Marc-André,ter Stegen,90,192448
Miranda,João Miranda,de Souza Filho,80,168609
,Fabián,Orellana,79,192492
,Romelu,Lukaku,85,192505
,Habib,Diallo,76,225293
Zeca,José Carlos,Gonçalves Rodrigues,76,168621
,Nadiem,Amiri,77,225309
,Enda,Stevens,78,192546
,Marvin,Plattenhardt,76,192557
,Bernd,Leno,85,192563
David García,David,García Zubiria,76,225341
,Constantin,Budescu,75,225359
Rúben Lameiras,Rúben Barcelos,De Sousa Lameiras,75,225363
Ai Kesen,Kesen,Ai,79,192598
,Konrad,Laimer,82,225375
,Gabriel,Arias,77,223249
,Shane,Duffy,77,192622
Iago Aspas,Iago,Aspas Juncal,84,192629
,İrfan Can,Kahveci,76,225403
Marcos Alonso,Marcos,Alonso Mendoza,81,192638
,Kevin,Vogt,77,192641
,Fabian,Klos,76,192663
,Allan,Nyom,75,192667
Kike García,Enrique,García Martínez,77,192678
Escudero,Sergio,Escudero Palomo,80,192679
Hernani,Hernani,Azevedo Júnior,75,225475
,Romain,Hamouma,76,192722
,Eric,Bailly,79,225508
,Kostas,Manolas,83,192774
Mario Gaspar,Mario Gaspar,Pérez Martínez,80,192789
Merquelanz,Martín,Merquelanz,75,225562
,Leandro,Cabrera,77,192816
,Henrikh,Mkhitaryan,80,192883
,Gyrano,Kerk,75,225653
,Guido,Rodríguez,76,225659
,Alexandr,Golovin,79,225663
,Luis Miguel,Rodríguez,75,192906
,Abdou,Diallo,78,225711
Cesinha,Cesar Fernando,Silva Melo,75,225733
,Koen,Casteels,83,192984
,Kevin,De Bruyne,91,192985
,Cenk,Tosun,75,192991
,Steve,Cook,75,193011
,Ainsley,Maitland-Niles,76,225782
,Stephy,Mavididi,75,225783
,Keylor,Navas,87,193041
,Roberto,Pereyra,77,193061
De Gea,David,De Gea Quintana,86,193080
,Juan,Cuadrado,81,193082
,Alphonse,Areola,82,193105
,Cecilio,Domínguez,75,225878
,Jorge,Moreira,75,225880
,Maxime,Gonalons,76,193116
,Jens Stryger,Larsen,75,193133
,Iván,Pillud,75,193141
Herrerín,Iago,Herrerín Buisán,78,193152
,Tanguy,Ndombele,80,235569
,Davy,Pröpper,76,193158
,Jesús,Corona,84,193165
Jaume Costa,Jaume Vicent,Costa Jordá,79,193171
,Denis,Bouanga,77,225951
,Nemanja,Gudelj,79,193198
,Wayne,Rooney,77,54050
,Christopher,Trimmel,75,193254
,Thomas,Delaney,81,193283
,Martin,Braithwaite,76,193290
,Alexandre,Lacazette,83,193301
Trezeguet,Mahmoud,Hassan,75,226078
Aitor,Aitor,Fernández,83,193314
,Nicolas,Pépé,82,226110
,Xherdan,Shaqiri,81,193348
,Ricardo,Rodríguez,78,193352
,Roberto,Soriano,77,193361
,José Pedro,Fuenzalida,77,196069
Marcos Llorente,Marcos,Llorente Moreno,82,226161
,Emiliano,Buendía,77,226162
,Nordi,Mukiele,80,226166
,Maximilian,Eggestein,76,226168
,Haris,Seferović,75,193408
,Nick,Viergever,75,193440
,Giovani,Lo Celso,82,226226
,Thilo,Kehrer,77,226229
,Arnaud,Souquet,75,193470
,Idrissa,Gueye,84,193474
Fabián,Fabián,Ruiz Peña,82,226271
,David,Abraham,76,160741
Mário Fernandes,Mário,Figueira Fernandes,82,193525
,Gary,Medel,77,193532
Vesga,Mikel,Vesga Arruti,75,146947
Wilson Manafá,Wilson Miguéis,Manafá Jancó,75,238857
,Germán,Pezzella,78,193601
,Gonzalo,Martínez,76,226377
,Ramón,Ábila,75,226378
Hwang Hee Chan,Hee Chan,Hwang,77,226380
,Marcus,Coco,75,226414
,Xavier,Chavalerin,77,193683
,Oliver,Baumann,82,193698
,Kieran,Tierney,78,226491
,Younès,Belhanda,78,193738
Koke,Jorge,Resurrección,85,193747
,Vincent,Janssen,76,226537
Portillo,Francisco,Portillo Soler,75,193844
Osmar,Osmar,Ibañez Barba,75,193847
,Conor,Hourihane,75,193849
,Takumi,Minamino,77,226627
Rubén Duarte,Rubén,Duarte Sánchez,77,226637
,Filip,Đuričić,75,193881
,Daniel,Didavi,75,193886
,Ralf,Fährmann,77,179783
,Andy,Delort,79,193983
,André,Onana,84,226753
,Ismaël,Bennacer,75,226754
Daniel Podence,Daniel,Castelo Podence,78,226766
André Almeida,André Gomes,Magalhães Almeida,80,194022
,Benjamin,Pavard,81,226851
,Pontus,Jansson,75,194201
,Youssef,El Arabi,78,194209
Laguardia,Víctor,Laguardia Cisneros,78,194222
Hugo Mallo,Hugo,Mallo Novegil,78,194229
Gelson Martins,Gelson Dany,Batalha Martins,80,227055
,Rafał,Gikiewicz,77,194333
Álex Remiro,Alejandro,Remiro Gargallo,80,227127
,Cristian,Borja,75,227153
Neto,Norberto,Murara Neto,82,194404
,Matty,Cash,75,227174
,Hatem,Ben Arfa,75,161648
,Frédéric,Guilbert,76,227222
,Lucas,Tousart,76,227234
,André-Franck,Zambo Anguissa,77,227236
,Agustín,Rossi,76,227275
Javi García,Javier,García Fernández,75,161754
,Valon,Behrami,75,161805
Montoya,Martín,Montoya Torralbo,77,194644
Soares,Francisco,Soares dos Santos,77,227476
Borja Valero,Borja,Valero Iglesias,77,161956
,Ishak,Belfodil,77,194728
Melero,Gonzalo,Melero Manzanares,75,227508
Borja García,Borja,García Freire,75,194761
,Antoine,Griezmann,87,194765
,Rodrigo,Bentancur,79,227535
,Moussa,Marega,79,227536
,Andriy,Yarmolenko,77,194794
,Wahbi,Khazri,76,194845
,Florent,Hanin,75,194846
Sergi Enrich,Sergi,Enrich Ametller,77,194879
Llorente,Fernando Javier,Llorente Torres,75,162131
,Bill,Hamid,75,194904
Adrián,Adrián,San Miguel Castillo,76,194911
,Andros,Townsend,77,194932
,Phil,Jones,75,194957
Tiago Pinto,Tiago Miguel,Baía Pinto,75,194979
,Gastón,Giménez,75,227772
,Mousa,Dembélé,80,162240
,Christian,Pulisic,81,227796
,Florian,Kainz,75,195038
,Oleksandr,Zinchenko,80,227813
,Adrian,Mierzejewski,75,162280
Willian José,Willian José,da Silva,80,195093
João Moutinho,João Filipe,Moutinho,83,162347
Nuno Santos,Nuno Miguel,Gomes dos Santos,76,227890
,Kyle,Walker-Peters,75,227927
Nélson Semedo,Nélson,Cabral Semedo,83,227928
Yeray,Yeray,Álvarez López,80,227950
,Tom,Cairney,76,195202
,Sander,Berge,79,228092
,Marcus,Thuram,80,228093
,Erling,Haaland,84,239085
,Kevin,Kampl,81,195365
,Vedat,Muriqi,76,223710
,Fabián,Balbuena,75,228229
,Simon,Deli,76,228236
,James,Tavernier,75,195479
,Rob,Holding,75,228295
Pedraza,Alfonso,Pedraza Sag,75,228302
,Florian,Grillitsch,78,228336
,Alfreð,Finnbogason,76,195586
,Samir,Handanovič,88,162835
,Pape Abou,Cissé,75,228386
,Emil,Audero,77,228413
Matheus Pereira,Matheus Fellipe,Costa Pereira,76,228414
Cesc Fàbregas,Francesc,Fàbregas i Soler,75,162895
Joel Robles,Joel,Robles Blázquez,76,195668
,Jeff,Reine-Adélaïde,75,228509
,Ezequiel,Ávila,79,228520
,Benjamin,Henrichs,76,228579
,Ferland,Mendy,83,228618
,Danny,Ings,80,195859
,Paul,Pogba,86,195864
Borja Mayoral,Borja,Mayoral Moya,76,228635
,Dmitriy,Barinov,75,228675
,Kasper,Dolberg,79,228687
,Ben,Foster,79,163155
,Frenkie,de Jong,85,228702
,Lucas,Martínez Quarta,76,228708
,Wuilker,Faríñez,75,228736
,Oussama,Idrissi,77,228747
,Tom,Heaton,78,163264
,Matías,Vargas,75,228819
,Jonathan,Orozco,77,163301
,Jonathan,Schmid,77,201982
,Davide,Calabria,76,228881
,Robin,Le Normand,75,233486
,Dorlan,Pabón,76,196143
,Giovanni,Moreno,77,196147
André Silva,André Miguel,Valente da Silva,79,228941
,Sebastiaan,Bornauw,75,242663
,Andrea,Consigli,81,163489
,Kasper,Schmeichel,84,163587
,Milot,Rashica,79,229167
,Enzo,Pérez,80,196432
William,William,de Asevedo Furtado,76,229221
,Manuel,Akanji,78,229237
,Steve,Mandanda,83,163705
,Denis,Zakaria,83,229261
Jorge Miramón,Jorge,Miramón,76,229359
